County,MissingMeals,year,UnEmployRate
Brunswick,2920971.083,2007,5
Brunswick,2934365.982,2007,7.5
Brunswick,2948127.915,2007,10.0
Brunswick,2962277.553,2007,12.5
Brunswick,2976837.387,2007,15.0
Brunswick,2991831.903,2007,17.5
Brunswick,3007287.864,2007,20.0
Brunswick,3023234.57,2007,22.5
Brunswick,3039704.21,2007,25.0
Brunswick,5184152.037,2008,5
Brunswick,5197988.525,2008,7.5
Brunswick,5212204.149,2008,10.0
Brunswick,5226820.263,2008,12.5
Brunswick,5241860.087,2008,15.0
Brunswick,5257348.933,2008,17.5
Brunswick,5273314.425,2008,20.0
Brunswick,5289786.848,2008,22.5
Brunswick,5306799.447,2008,25.0
Brunswick,2768072.525,2009,5
Brunswick,2782094.201,2009,7.5
Brunswick,2796500.077,2009,10.0
Brunswick,2811311.809,2009,12.5
Brunswick,2826552.92,2009,15.0
Brunswick,2842249.064,2009,17.5
Brunswick,2858428.233,2009,20.0
Brunswick,2875121.116,2009,22.5
Brunswick,2892361.407,2009,25.0
Brunswick,2077369.022,2010,5
Brunswick,2092042.157,2010,7.5
Brunswick,2107117.353,2010,10.0
Brunswick,2122617.256,2010,12.5
Brunswick,2138566.488,2010,15.0
Brunswick,2154991.894,2010,17.5
Brunswick,2171922.767,2010,20.0
Brunswick,2189391.223,2010,22.5
Brunswick,2207432.519,2010,25.0
Carteret,1781708.522,2007,5
Carteret,1790343.111,2007,7.5
Carteret,1799214.298,2007,10.0
Carteret,1808335.405,2007,12.5
Carteret,1817720.933,2007,15.0
Carteret,1827386.664,2007,17.5
Carteret,1837349.85,2007,20.0
Carteret,1847629.381,2007,22.5
Carteret,1858246.003,2007,25.0
Carteret,3096530.07,2008,5
Carteret,3105057.351,2008,7.5
Carteret,3113818.283,2008,10.0
Carteret,3122826.036,2008,12.5
Carteret,3132094.92,2008,15.0
Carteret,3141640.525,2008,17.5
Carteret,3151479.888,2008,20.0
Carteret,3161631.664,2008,22.5
Carteret,3172116.342,2008,25.0
Carteret,1687364.191,2009,5
Carteret,1696040.565,2009,7.5
Carteret,1704954.681,2009,10.0
Carteret,1714119.928,2009,12.5
Carteret,1723550.874,2009,15.0
Carteret,1733263.381,2009,17.5
Carteret,1743274.781,2009,20.0
Carteret,1753604.056,2009,22.5
Carteret,1764272.055,2009,25.0
Carteret,1304224.609,2010,5
Carteret,1313183.351,2010,7.5
Carteret,1322387.566,2010,10.0
Carteret,1331851.09,2010,12.5
Carteret,1341588.958,2010,15.0
Carteret,1351617.548,2010,17.5
Carteret,1361954.76,2010,20.0
Carteret,1372620.192,2010,22.5
Carteret,1383635.371,2010,25.0
Chatham,1620881.246,2007,5
Chatham,1628003.353,2007,7.5
Chatham,1635320.61,2007,10.0
Chatham,1642844.011,2007,12.5
Chatham,1650585.514,2007,15.0
Chatham,1658558.139,2007,17.5
Chatham,1666776.115,2007,20.0
Chatham,1675255.022,2007,22.5
Chatham,1684011.974,2007,25.0
Chatham,2762751.028,2008,5
Chatham,2769966.514,2008,7.5
Chatham,2777379.713,2008,10.0
Chatham,2785001.761,2008,12.5
Chatham,2792844.766,2008,15.0
Chatham,2800921.928,2008,17.5
Chatham,2809247.653,2008,20.0
Chatham,2817837.733,2008,22.5
Chatham,2826709.503,2008,25.0
Chatham,1515080.771,2009,5
Chatham,1522394.705,2009,7.5
Chatham,1529909.05,2009,10.0
Chatham,1537635.09,2009,12.5
Chatham,1545585.107,2009,15.0
Chatham,1553772.47,2009,17.5
Chatham,1562211.794,2009,20.0
Chatham,1570919.076,2009,22.5
Chatham,1579911.893,2009,25.0
Chatham,1292835.268,2010,5
Chatham,1300901.966,2010,7.5
Chatham,1309189.694,2010,10.0
Chatham,1317710.912,2010,12.5
Chatham,1326479.154,2010,15.0
Chatham,1335509.176,2010,17.5
Chatham,1344817.086,2010,20.0
Chatham,1354420.532,2010,22.5
Chatham,1364338.905,2010,25.0
Columbus,2257139.554,2007,5
Columbus,2263826.401,2007,7.5
Columbus,2270696.47,2007,10.0
Columbus,2277760.089,2007,12.5
Columbus,2285028.479,2007,15.0
Columbus,2292513.867,2007,17.5
Columbus,2300229.61,2007,20.0
Columbus,2308190.339,2007,22.5
Columbus,2316412.12,2007,25.0
Columbus,3346179.197,2008,5
Columbus,3352766.328,2008,7.5
Columbus,3359533.953,2008,10.0
Columbus,3366492.239,2008,12.5
Columbus,3373652.243,2008,15.0
Columbus,3381026.009,2008,17.5
Columbus,3388626.696,2008,20.0
Columbus,3396468.714,2008,22.5
Columbus,3404567.893,2008,25.0
Columbus,2121544.249,2009,5
Columbus,2128191.844,2009,7.5
Columbus,2135021.585,2009,10.0

Columbus,2142043.739,2009,12.5
Columbus,2149269.462,2009,15.0
Columbus,2156710.911,2009,17.5
Columbus,2164381.362,2009,20.0
Columbus,2172295.36,2009,22.5
Columbus,2180468.879,2009,25.0
Columbus,1805843.74,2010,5
Columbus,1812670.817,2010,7.5
Columbus,1819684.963,2010,10.0
Columbus,1826896.716,2010,12.5
Columbus,1834317.533,2010,15.0
Columbus,1841959.901,2010,17.5
Columbus,1849837.454,2010,20.0
Columbus,1857965.13,2010,22.5
Columbus,1866359.334,2010,25.0
Craven,2830343.257,2007,5
Craven,2842645.105,2007,7.5
Craven,2855284.029,2007,10.0
Craven,2868279.029,2007,12.5
Craven,2881650.748,2007,15.0
Craven,2895421.678,2007,17.5
Craven,2909616.396,2007,20.0
Craven,2924261.816,2007,22.5
Craven,2939387.495,2007,25.0
Craven,5017051.337,2008,5
Craven,5029759.322,2008,7.5
Craven,5042815.511,2008,10.0
Craven,5056239.531,2008,12.5
Craven,5070052.707,2008,15.0
Craven,5084278.274,2008,17.5
Craven,5098941.621,2008,20.0
Craven,5114070.548,2008,22.5
Craven,5129695.591,2008,25.0
Craven,2742632.406,2009,5
Craven,2755221.046,2009,7.5
Craven,2768154.629,2009,10.0
Craven,2781452.585,2009,12.5
Craven,2795136.037,2009,15.0
Craven,2809228.017,2009,17.5
Craven,2823753.656,2009,20.0
Craven,2838740.508,2009,22.5
Craven,2854218.822,2009,25.0
Craven,2043197.071,2010,5
Craven,2055979.446,2010,7.5
Craven,2069112.063,2010,10.0
Craven,2082614.664,2010,12.5
Craven,2096508.7,2010,15.0
Craven,2110817.54,2010,17.5
Craven,2125566.723,2010,20.0
Craven,2140784.211,2010,22.5
Craven,2156500.719,2010,25.0
Duplin,2116169.829,2007,5
Duplin,2121753.175,2007,7.5
Duplin,2127489.508,2007,10.0
Duplin,2133387.449,2007,12.5
Duplin,2139456.369,2007,15.0
Duplin,2145706.476,2007,17.5
Duplin,2152148.925,2007,20.0
Duplin,2158795.93,2007,22.5
Duplin,2165660.907,2007,25.0
Duplin,2993090.578,2008,5
Duplin,2998587.823,2008,7.5
Duplin,3004235.694,2008,10.0
Duplin,3010042.682,2008,12.5
Duplin,3016018.011,2008,15.0
Duplin,3022171.734,2008,17.5
Duplin,3028514.832,2008,20.0
Duplin,3035059.331,2008,22.5
Duplin,3041818.443,2008,25.0
Duplin,2186117.169,2009,5
Duplin,2191745.149,2009,7.5
Duplin,2197527.338,2009,10.0
Duplin,2203472.428,2009,12.5
Duplin,2209589.863,2009,15.0
Duplin,2215889.935,2009,17.5
Duplin,2222383.885,2009,20.0
Duplin,2229084.027,2009,22.5
Duplin,2236003.884,2009,25.0
Duplin,1969000.739,2010,5
Duplin,1975730.32,2010,7.5
Duplin,1982644.295,2010,10.0
Duplin,1989753.056,2010,12.5
Duplin,1997067.897,2010,15.0
Duplin,2004601.123,2010,17.5
Duplin,2012366.177,2010,20.0
Duplin,2020377.781,2010,22.5
Duplin,2028652.107,2010,25.0
Durham,7629293.843,2007,5
Durham,7661211.782,2007,7.5
Durham,7694004.309,2007,10.0
Durham,7727720.674,2007,12.5
Durham,7762414.472,2007,15.0
Durham,7798144.05,2007,17.5
Durham,7834973.176,2007,20.0
Durham,7872971.674,2007,22.5
Durham,7912216.239,2007,25.0
Durham,11998838.4,2008,5
Durham,12031321.71,2008,7.5
Durham,12064695.08,2008,10.0
Durham,12099008.68,2008,12.5
Durham,12134317.01,2008,15.0
Durham,12170679.46,2008,17.5
Durham,12208160.94,2008,20.0
Durham,12246832.51,2008,22.5
Durham,12286772.21,2008,25.0
Durham,6403300.959,2009,5
Durham,6435990.652,2009,7.5
Durham,6469576.079,2009,10.0
Durham,6504107.695,2009,12.5
Durham,6539640.353,2009,15.0
Durham,6576233.86,2009,17.5
Durham,6613953.476,2009,20.0
Durham,6652870.752,2009,22.5
Durham,6693064.236,2009,25.0
Durham,4420632.886,2010,5
Durham,4454455.531,2010,7.5
Durham,4489204.942,2010,10.0
Durham,4524933.321,2010,12.5
Durham,4561697.461,2010,15.0
Durham,4599559.19,2010,17.5
Durham,4638586.083,2010,20.0
Durham,4678852.131,2010,22.5
Durham,4720438.603,2010,25.0
Edgecombe,2186738.808,2007,5
Edgecombe,2193485.481,2007,7.50
Edgecombe,2200417.019,2007,10
Edgecombe,2207543.837,2007,12.50
Edgecombe,2214877.258,2007,15
Edgecombe,2222429.619,2007,17.50
Edgecombe,2230214.397,2007,20
Edgecombe,2238246.351,2007,22.50
Edgecombe,2246541.695,2007,25
Edgecombe,3357236.392,2008,5
Edgecombe,3364140.394,2008,7.50
Edgecombe,3371233.568,2008,10
Edgecombe,3378526.578,2008,12.50
Edgecombe,3386031.008,2008,15
Edgecombe,3393759.483,2008,17.50
Edgecombe,3401725.795,2008,20
Edgecombe,3409945.047,2008,22.50
Edgecombe,3418433.831,2008,25
Edgecombe,2151348.768,2009,5
Edgecombe,2158287.907,2009,7.50
Edgecombe,2165417.182,2009,10
Edgecombe,2172747.308,2009,12.50
Edgecombe,2180289.931,2009,15
Edgecombe,2188057.74,2009,17.50
Edgecombe,2196064.595,2009,20
Edgecombe,2204325.679,2009,22.50
Edgecombe,2212857.665,2009,25
Edgecombe,1763542.587,2010,5
Edgecombe,1770458.617,2010,7.50
Edgecombe,1777564.151,2010,10
Edgecombe,1784869.867,2010,12.50
Edgecombe,1792387.372,2010,15
Edgecombe,1800129.313,2010,17.50
Edgecombe,1808109.504,2010,20
Edgecombe,1816343.077,2010,22.50
Edgecombe,1824846.651,2010,25
Franklin,1728800.964,2007,5
Franklin,1735234.569,2007,7.5
Franklin,1741844.458,2007,10.0
Franklin,1748640.567,2007,12.5
Franklin,1755633.691,2007,15.0
Franklin,1762835.595,2007,17.5
Franklin,1770259.131,2007,20.0
Franklin,1777918.373,2007,22.5
Franklin,1785828.783,2007,25.0
Franklin,2854122.345,2008,5
Franklin,2860698.399,2008,7.5
Franklin,2867454.639,2008,10.0
Franklin,2874401.223,2008,12.5
Franklin,2881549.182,2008,15.0
Franklin,2888910.548,2008,17.5
Franklin,2896498.45,2008,20.0
Franklin,2904327.278,2008,22.5
Franklin,2912412.834,2008,25.0
Franklin,1768647.789,2009,5
Franklin,1775305.83,2009,7.5
Franklin,1782146.304,2009,10.0
Franklin,1789179.494,2009,12.5
Franklin,1796416.573,2009,15.0
Franklin,1803869.714,2009,17.5
Franklin,1811552.219,2009,20.0
Franklin,1819478.653,2009,22.5
Franklin,1827665.016,2009,25.0
Franklin,1567523.666,2010,5
Franklin,1574898.697,2010,7.5
Franklin,1582475.807,2010,10.0
Franklin,1590266.387,2010,12.5
Franklin,1598282.812,2010,15.0
Franklin,1606538.566,2010,17.5
Franklin,1615048.384,2010,20.0
Franklin,1623828.4,2010,22.5
Franklin,1632896.335,2010,25.0
Granville,1833843.714,2007,5
Granville,1839831.297,2007,7.5
Granville,1845982.943,2007,10.0
Granville,1852307.898,2007,12.5
Granville,1858816.21,2007,15.0
Granville,1865518.828,2007,17.5
Granville,1872427.714,2007,20.0
Granville,1879555.965,2007,22.5
Granville,1886917.97,2007,25.0
Granville,2500319.998,2008,5
Granville,2506500.995,2008,7.5
Granville,2512851.355,2008,10.0
Granville,2519380.62,2008,12.5
Granville,2526099.167,2008,15.0
Granville,2533018.296,2008,17.5
Granville,2540150.355,2008,20.0
Granville,2547508.866,2008,22.5
Granville,2555108.681,2008,25.0
Granville,1412216.868,2009,5
Granville,1418359.879,2009,7.5
Granville,1424671.21,2009,10.0
Granville,1431160.351,2009,12.5
Granville,1437837.606,2009,15.0
Granville,1444714.213,2009,17.5
Granville,1451802.441,2009,20.0
Granville,1459115.728,2009,22.5
Granville,1466668.839,2009,25.0
Granville,1136743.009,2010,5
Granville,1142978.136,2010,7.5
Granville,1149384.111,2010,10.0
Granville,1155970.556,2010,12.5
Granville,1162747.941,2010,15.0
Granville,1169727.665,2010,17.5
Granville,1176922.183,2010,20.0
Granville,1184345.136,2010,22.5
Granville,1192011.508,2010,25.0
Greene,673728.0247,2007,5
Greene,675766.3036,2007,7.5
Greene,677860.4327,2007,10.0
Greene,680013.559,2007,12.5
Greene,682229.1034,2007,15.0
Greene,684510.7932,2007,17.5
Greene,686862.6997,2007,20.0
Greene,689289.2822,2007,22.5
Greene,691795.4388,2007,25.0
Greene,1003521.313,2008,5
Greene,1005613.089,2008,7.5
Greene,1007762.182,2008,10.0
Greene,1009971.82,2008,12.5
Greene,1012245.514,2008,15.0
Greene,1014587.09,2008,17.5
Greene,1017000.725,2008,20.0
Greene,1019490.996,2008,22.5
Greene,1022062.93,2008,25.0
Greene,654343.8207,2009,5
Greene,656434.0142,2009,7.5
Greene,658581.4803,2009,10.0
Greene,660789.4463,2009,12.5
Greene,663061.4202,2009,15.0
Greene,665401.2241,2009,17.5
Greene,667813.0331,2009,20.0
Greene,670301.4202,2009,22.5
Greene,672871.4082,2009,25.0
Greene,597213.1859,2010,5
Greene,599479.3823,2010,7.5
Greene,601807.674,2010,10.0
Greene,604201.5599,2010,12.5
Greene,606664.8434,2010,15.0
Greene,609201.6685,2010,17.5
Greene,611816.5619,2010,20.0
Greene,614514.4815,2010,22.5
Greene,617300.8731,2010,25.0
Halifax,2520799.169,2007,5
Halifax,2527570.535,2007,7.5
Halifax,2534527.44,2007,10.0
Halifax,2541680.34,2007,12.5
Halifax,2549040.6,2007,15.0
Halifax,2556620.601,2007,17.5
Halifax,2564433.869,2007,20.0
Halifax,2572495.218,2007,22.5
Halifax,2580820.92,2007,25.0
Halifax,3592645.578,2008,5
Halifax,3599454.612,2008,7.5
Halifax,3606450.22,2008,10.0
Halifax,3613642.913,2008,12.5
Halifax,3621044.118,2008,15.0
Halifax,3628666.287,2008,17.5
Halifax,3636523.021,2008,20.0
Halifax,3644629.216,2008,22.5
Halifax,3653001.235,2008,25.0
Halifax,2223858.369,2009,5
Halifax,2230694.312,2009,7.5
Halifax,2237717.563,2009,10.0
Halifax,2244938.678,2009,12.5
Halifax,2252369.131,2009,15.0
Halifax,2260021.42,2009,17.5
Halifax,2267909.201,2009,20.0
Halifax,2276047.429,2009,22.5
Halifax,2284452.531,2009,25.0
Halifax,1916230.646,2010,5
Halifax,1923009.294,2010,7.5
Halifax,1929973.679,2010,10.0
Halifax,1937134.271,2010,12.5
Halifax,1944502.444,2010,15.0
Halifax,1952090.595,2010,17.5
Halifax,1959912.264,2010,20.0
Halifax,1967982.281,2010,22.5
Halifax,1976316.935,2010,25.0
Harnett,3082460.781,2007,5
Harnett,3094499.258,2007,7.5
Harnett,3106867.594,2007,10.0
Harnett,3119584.383,2007,12.5
Harnett,3132669.825,2007,15.0
Harnett,3146145.932,2007,17.5
Harnett,3160036.755,2007,20.0
Harnett,3174368.629,2007,22.5
Harnett,3189170.482,2007,25.0
Harnett,5646913.818,2008,5
Harnett,5659301.136,2008,7.5
Harnett,5672027.871,2008,10.0
Harnett,5685113.156,2008,12.5
Harnett,5698577.776,2008,15.0
Harnett,5712444.382,2008,17.5
Harnett,5726737.721,2008,20.0
Harnett,5741484.892,2008,22.5
Harnett,5756715.66,2008,25.0
Harnett,3517919.272,2009,5
Harnett,3530377.498,2009,7.5
Harnett,3543177.084,2009,10.0
Harnett,3556337.271,2009,12.5
Harnett,3569878.966,2009,15.0
Harnett,3583824.947,2009,17.5
Harnett,3598200.104,2009,20.0
Harnett,3613031.691,2009,22.5
Harnett,3628349.643,2009,25.0
Harnett,2850282.199,2010,5
Harnett,2862854.7,2010,7.5
Harnett,2875771.692,2010,10.0
Harnett,2889052.594,2010,12.5
Harnett,2902718.503,2010,15.0
Harnett,2916792.406,2010,17.5
Harnett,2931299.422,2010,20.0
Harnett,2946267.054,2010,22.5
Harnett,2961725.513,2010,25.0
Johnston,4236669.019,2007,5
Johnston,4253982.837,2007,7.5
Johnston,4271771.061,2007,10.0
Johnston,4290060.432,2007,12.5
Johnston,4308880.002,2007,15.0
Johnston,4328261.429,2007,17.5
Johnston,4348239.303,2007,20.0
Johnston,4368851.5,2007,22.5
Johnston,4390139.624,2007,25.0
Johnston,7457690.459,2008,5
Johnston,7475412.623,2008,7.5
Johnston,7493620.395,2008,10.0
Johnston,7512341.126,2008,12.5
Johnston,7531604.556,2008,15.0
Johnston,7551443.107,2008,17.5
Johnston,7571892.159,2008,20.0
Johnston,7592990.502,2008,22.5
Johnston,7614780.72,2008,25.0
Johnston,4417839.21,2009,5
Johnston,4435646.843,2009,7.5
Johnston,4453942.426,2009,10.0
Johnston,4472753.442,2009,12.5
Johnston,4492109.774,2009,15.0
Johnston,4512044.001,2009,17.5
Johnston,4532591.673,2009,20.0
Johnston,4553791.767,2009,22.5
Johnston,4575687.073,2009,25.0
Johnston,3497061.784,2010,5
Johnston,3516158.741,2010,7.5
Johnston,3535778.969,2010,10.0
Johnston,3555951.942,2010,12.5
Johnston,3576709.726,2010,15.0
Johnston,3598087.233,2010,17.5
Johnston,3620122.614,2010,20.0
Johnston,3642857.648,2010,22.5
Johnston,3666338.22,2010,25.0
Jones,384566.4514,2007,5
Jones,385817.4653,2007,7.50
Jones,387102.7577,2007,10
Jones,388424.2603,2007,12.50
Jones,389784.0726,2007,15
Jones,391184.4823,2007,17.50
Jones,392627.9882,2007,20
Jones,394117.3272,2007,22.50
Jones,395655.5057,2007,25
Jones,599348.2028,2008,5
Jones,600614.7278,2008,7.50
Jones,601915.9563,2008,10
Jones,603253.8439,2008,12.50
Jones,604630.5162,2008,15
Jones,606048.2892,2008,17.50
Jones,607509.6929,2008,20
Jones,609017.4979,2008,22.50
Jones,610574.7479,2008,25
Jones,383055.6825,2009,5
Jones,384327.9053,2009,7.50
Jones,385634.9879,2009,10
Jones,386978.8945,2009,12.50
Jones,388361.7603,2009,15
Jones,389785.9117,2009,17.50
Jones,391253.89,2009,20
Jones,392768.4785,2009,22.50
Jones,394332.7344,2009,25
Jones,331961.919,2010,5
Jones,333294.9198,2010,7.50
Jones,334664.4458,2010,10
Jones,336072.555,2010,12.50
Jones,337521.4845,2010,15
Jones,339013.6721,2010,17.50
Jones,340551.7802,2010,20
Jones,342138.7253,2010,22.50
Jones,343777.7104,2010,25
Lee,1830762.346,2007,5
Lee,1837413.423,2007,7.5
Lee,1844246.742,2007,10.0
Lee,1851272.575,2007,12.5
Lee,1858502.084,2007,15.0
Lee,1865947.429,2007,17.5
Lee,1873621.898,2007,20.0
Lee,1881540.042,2007,22.5
Lee,1889717.842,2007,25.0
Lee,2950389.648,2008,5
Lee,2957070.164,2008,7.5
Lee,2963933.729,2008,10.0
Lee,2970990.661,2008,12.5
Lee,2978252.169,2008,15.0
Lee,2985730.47,2008,17.5
Lee,2993438.908,2008,20.0
Lee,3001392.1,2008,22.5
Lee,3009606.097,2008,25.0
Lee,1729305.356,2009,5
Lee,1735915.279,2009,7.5
Lee,1742706.321,2009,10.0
Lee,1749688.684,2009,12.5
Lee,1756873.46,2009,15.0
Lee,1764272.74,2009,17.5
Lee,1771899.726,2009,20.0
Lee,1779768.878,2009,22.5
Lee,1787896.08,2009,25.0
Lee,1372058.266,2010,5
Lee,1378675.472,2010,7.5
Lee,1385473.994,2010,10.0
Lee,1392464.045,2010,12.5
Lee,1399656.737,2010,15.0
Lee,1407064.167,2010,17.5
Lee,1414699.554,2010,20.0
Lee,1422577.374,2010,22.5
Lee,1430713.528,2010,25.0
Lenoir,2357984.16,2007,5
Lenoir,2365828.005,2007,7.50
Lenoir,2373886.775,2007,10
Lenoir,2382172.584,2007,12.50
Lenoir,2390698.594,2007,15
Lenoir,2399479.147,2007,17.50
Lenoir,2408529.915,2007,20
Lenoir,2417868.056,2007,22.50
Lenoir,2427512.42,2007,25
Lenoir,3663797.96,2008,5
Lenoir,3671653.518,2008,7.50
Lenoir,3679724.32,2008,10
Lenoir,3688022.502,2008,12.50
Lenoir,3696561.243,2008,15
Lenoir,3705354.908,2008,17.50
Lenoir,3714419.189,2008,20
Lenoir,3723771.274,2008,22.50
Lenoir,3733430.038,2008,25
Lenoir,2269863.948,2009,5
Lenoir,2277681.836,2009,7.50
Lenoir,2285713.937,2009,10
Lenoir,2293972.326,2009,12.50
Lenoir,2302470.119,2009,15
Lenoir,2311221.618,2009,17.50
Lenoir,2320242.433,2009,20
Lenoir,2329549.672,2009,22.50
Lenoir,2339162.119,2009,25
Lenoir,1767993.274,2010,5
Lenoir,1775506.319,2010,7.50
Lenoir,1783225.23,2010,10
Lenoir,1791161.601,2010,12.50
Lenoir,1799328.045,2010,15
Lenoir,1807738.299,2010,17.50
Lenoir,1816407.37,2010,20
Lenoir,1825351.696,2010,22.50
Lenoir,1834589.329,2010,25
Moore,2384649.104,2007,5
Moore,2394246.015,2007,7.50
Moore,2404105.885,2007,10
Moore,2414243.536,2007,12.50
Moore,2424675.07,2007,15
Moore,2435418.043,2007,17.50
Moore,2446491.618,2007,20
Moore,2457916.794,2007,22.50
Moore,2469716.63,2007,25
Moore,3951534.68,2008,5
Moore,3961060.05,2008,7.50
Moore,3970846.419,2008,10
Moore,3980908.499,2008,12.50
Moore,3991262.273,2008,15
Moore,4001925.159,2008,17.50
Moore,4012916.185,2008,20
Moore,4024256.191,2008,22.50
Moore,4035968.065,2008,25
Moore,2430907.174,2009,5
Moore,2441068.494,2009,7.50
Moore,2451508.245,2009,10
Moore,2462242.107,2009,12.50
Moore,2473287.142,2009,15
Moore,2484661.926,2009,17.50
Moore,2496386.76,2009,20
Moore,2508483.871,2009,22.50
Moore,2520977.678,2009,25
Moore,2114140.879,2010,5
Moore,2125630.455,2010,7.50
Moore,2137434.849,2010,10
Moore,2149571.809,2010,12.50
Moore,2162060.608,2010,15
Moore,2174922.268,2010,17.50
Moore,2188179.731,2010,20
Moore,2201858.131,2010,22.50
Moore,2215985.089,2010,25
Nash,3029367.928,2007,5
Nash,3040687.828,2007,7.5
Nash,3052317.906,2007,10.0
Nash,3064275.633,2007,12.5
Nash,3076580.005,2007,15.0
Nash,3089251.731,2007,17.5
Nash,3102313.41,2007,20.0
Nash,3115789.819,2007,22.5
Nash,3129708.157,2007,25.0
Nash,4845068.412,2008,5
Nash,4856620.032,2008,7.5
Nash,4868488.176,2008,10.0
Nash,4880690.671,2008,12.5
Nash,4893246.915,2008,15.0
Nash,4906178.024,2008,17.5
Nash,4919507.078,2008,20.0
Nash,4933259.346,2008,22.5
Nash,4947462.586,2008,25.0
Nash,2777028.24,2009,5
Nash,2788614.681,2009,7.5
Nash,2800518.595,2009,10.0
Nash,2812757.877,2009,12.5
Nash,2825351.97,2009,15.0
Nash,2838322.058,2009,17.5
Nash,2851691.29,2009,20.0
Nash,2865485.013,2009,22.5
Nash,2879731.066,2009,25.0
Nash,2023201.889,2010,5
Nash,2035286.266,2010,7.5
Nash,2047701.76,2010,10.0
Nash,2060467.035,2010,12.5
Nash,2073602.365,2010,15.0
Nash,2087129.858,2010,17.5
Nash,2101073.643,2010,20.0
Nash,2115460.157,2010,22.5
Nash,2130318.451,2010,25.0
New Hanover,4784277.151,2007,5
New Hanover,4810080.581,2007,7.5
New Hanover,4836591.035,2007,10.0
New Hanover,4863848.366,2007,12.5
New Hanover,4891895.875,2007,15.0
New Hanover,4920780.738,2007,17.5
New Hanover,4950554.51,2007,20.0
New Hanover,4981273.637,2007,22.5
New Hanover,5013000.122,2007,25.0
New Hanover,10052716.16,2008,5
New Hanover,10078723.14,2008,7.5
New Hanover,10105442.71,2008,10.0
New Hanover,10132915.06,2008,12.5
New Hanover,10161183.81,2008,15.0
New Hanover,10190296.52,2008,17.5
New Hanover,10220305.16,2008,20.0
New Hanover,10251266.6,2008,22.5
New Hanover,10283243.35,2008,25.0
New Hanover,5450336.155,2009,5
New Hanover,5476342.802,2009,7.5
New Hanover,5503062.06,2009,10.0
New Hanover,5530534.069,2009,12.5
New Hanover,5558802.468,2009,15.0
New Hanover,5587914.837,2009,17.5
New Hanover,5617923.096,2009,20.0
New Hanover,5648884.165,2009,22.5
New Hanover,5680860.536,2009,25.0
New Hanover,4037295.947,2010,5
New Hanover,4063949.952,2010,7.5
New Hanover,4091334.288,2010,10.0
New Hanover,4119490.121,2010,12.5
New Hanover,4148462.178,2010,15.0
New Hanover,4178299.192,2010,17.5
New Hanover,4209054.416,2010,20.0
New Hanover,4240786.158,2010,22.5
New Hanover,4273558.464,2010,25.0
Onslow,3905212.422,2007,5
Onslow,3922388.224,2007,7.5
Onslow,3940034.649,2007,10.0
Onslow,3958178.226,2007,12.5
Onslow,3976847.777,2007,15.0
Onslow,3996074.705,2007,17.5
Onslow,4015893.326,2007,20.0
Onslow,4036341.214,2007,22.5
Onslow,4057459.639,2007,25.0
Onslow,7297468.388,2008,5
Onslow,7315027.528,2008,7.5
Onslow,7333067.808,2008,10.0
Onslow,7351616.323,2008,12.5
Onslow,7370702.557,2008,15.0
Onslow,7390358.609,2008,17.5
Onslow,7410619.559,2008,20.0
Onslow,7431523.82,2008,22.5
Onslow,7453113.585,2008,25.0
Onslow,4205083.527,2009,5
Onslow,4222737.323,2009,7.5
Onslow,4240874.839,2009,10.0
Onslow,4259523.343,2009,12.5
Onslow,4278712.457,2009,15.0
Onslow,4298474.461,2009,17.5
Onslow,4318844.624,2009,20.0
Onslow,4339861.566,2009,22.5
Onslow,4361567.706,2009,25.0
Onslow,3349973.34,2010,5
Onslow,3368260.866,2010,7.5
Onslow,3387049.491,2010,10.0
Onslow,3406367.441,2010,12.5
Onslow,3426245.401,2010,15.0
Onslow,3446716.829,2010,17.5
Onslow,3467818.235,2010,20.0
Onslow,3489589.645,2010,22.5
Onslow,3512075.001,2010,25.0
Orange,3263993.236,2007,5
Orange,3279482.759,2007,7.5
Orange,3295396.712,2007,10.0
Orange,3311758.997,2007,12.5
Orange,3328595.622,2007,15.0
Orange,3345934.903,2007,17.5
Orange,3363807.786,2007,20.0
Orange,3382248.156,2007,22.5
Orange,3401293.233,2007,25.0
Orange,5993219.761,2008,5
Orange,6008847.623,2008,7.5
Orange,6024903.7,2008,10.0
Orange,6041412.113,2008,12.5
Orange,6058399.102,2008,15.0
Orange,6075893.236,2008,17.5
Orange,6093925.737,2008,20.0
Orange,6112530.794,2008,22.5
Orange,6131745.957,2008,25.0
Orange,3361453.812,2009,5
Orange,3377284.578,2009,7.5
Orange,3393549.125,2009,10.0
Orange,3410271.886,2009,12.5
Orange,3427479.426,2009,15.0
Orange,3445200.707,2009,17.5
Orange,3463467.334,2009,20.0
Orange,3482313.956,2009,22.5
Orange,3501778.612,2009,25.0
Orange,2607055.633,2010,5
Orange,2623094.063,2010,7.5
Orange,2639571.958,2010,10.0
Orange,2656514.072,2010,12.5
Orange,2673947.335,2010,15.0
Orange,2691901.067,2010,17.5
Orange,2710407.31,2010,20.0
Orange,2729501.151,2010,22.5
Orange,2749221.126,2010,25.0
Pamlico,401085.8211,2007,5
Pamlico,402766.0796,2007,7.5
Pamlico,404492.3783,2007,10.0
Pamlico,406267.3114,2007,12.5
Pamlico,408093.699,2007,15.0
Pamlico,409974.6136,2007,17.5
Pamlico,411913.4115,2007,20.0
Pamlico,413913.7687,2007,22.5
Pamlico,415979.723,2007,25.0
Pamlico,673183.695,2008,5
Pamlico,674889.5942,2008,7.5
Pamlico,676642.2363,2008,10.0
Pamlico,678444.2549,2008,12.5
Pamlico,680298.5131,2008,15.0
Pamlico,682208.1304,2008,17.5
Pamlico,684176.5143,2008,20.0
Pamlico,686207.397,2008,22.5
Pamlico,688304.8776,2008,25.0
Pamlico,385742.4431,2009,5
Pamlico,387453.4071,2009,7.5
Pamlico,389211.2528,2009,10.0
Pamlico,391018.6216,2009,12.5
Pamlico,392878.3851,2009,15.0
Pamlico,394793.6721,2009,17.5
Pamlico,396767.9002,2009,20.0
Pamlico,398804.8126,2009,22.5
Pamlico,400908.5207,2009,25.0
Pamlico,334969.6786,2010,5
Pamlico,336737.3055,2010,7.5
Pamlico,338553.3664,2010,10.0
Pamlico,340420.5908,2010,12.5
Pamlico,342341.945,2010,15.0
Pamlico,344320.6615,2010,17.5
Pamlico,346360.2711,2010,20.0
Pamlico,348464.6408,2010,22.5
Pamlico,350638.0185,2010,25.0
Pender,1322109.961,2007,5
Pender,1328158.321,2007,7.5
Pender,1334372.411,2007,10.0
Pender,1340761.569,2007,12.5
Pender,1347335.944,2007,15.0
Pender,1354106.599,2007,17.5
Pender,1361085.614,2007,20.0
Pender,1368286.222,2007,22.5
Pender,1375722.956,2007,25.0
Pender,2523085.157,2008,5
Pender,2529142.698,2008,7.5
Pender,2535366.218,2008,10.0
Pender,2541765.073,2008,12.5
Pender,2548349.428,2008,15.0
Pender,2555130.358,2008,17.5
Pender,2562119.966,2008,20.0
Pender,2569331.502,2008,22.5
Pender,2576779.524,2008,25.0
Pender,1538346.225,2009,5
Pender,1544591.48,2009,7.5
Pender,1551007.862,2009,10.0
Pender,1557605.008,2009,12.5
Pender,1564393.403,2009,15.0
Pender,1571384.466,2009,17.5
Pender,1578590.673,2009,20.0
Pender,1586025.685,2009,22.5
Pender,1593704.512,2009,25.0
Pender,1251665.41,2010,5
Pender,1258122.441,2010,7.5
Pender,1264756.397,2010,10.0
Pender,1271577.25,2010,12.5
Pender,1278595.836,2010,15.0
Pender,1285823.962,2010,17.5
Pender,1293274.527,2010,20.0
Pender,1300961.657,2010,22.5
Pender,1308900.869,2010,25.0
Person,1185048.983,2007,5
Person,1189730.155,2007,7.5
Person,1194539.595,2007,10.0
Person,1199484.529,2007,12.5
Person,1204572.815,2007,15.0
Person,1209813.012,2007,17.5
Person,1215214.47,2007,20.0
Person,1220787.432,2007,22.5
Person,1226543.147,2007,25.0
Person,1940375.868,2008,5
Person,1945107.372,2008,7.5
Person,1949968.522,2008,10.0
Person,1954966.624,2008,12.5
Person,1960109.619,2008,15.0
Person,1965406.158,2008,17.5
Person,1970865.693,2008,20.0
Person,1976498.576,2008,22.5
Person,1982316.175,2008,25.0
Person,1138902.653,2009,5
Person,1143622.445,2009,7.5
Person,1148471.562,2009,10.0
Person,1153457.292,2009,12.5
Person,1158587.555,2009,15.0
Person,1163870.984,2009,17.5
Person,1169317.004,2009,20.0
Person,1174935.943,2009,22.5
Person,1180739.141,2009,25.0
Person,924342.5923,2010,5
Person,929195.0193,2010,7.5
Person,934180.4059,2010,10.0
Person,939306.2443,2010,12.5
Person,944580.6783,2010,15.0
Person,950012.5811,2010,17.5
Person,955611.6453,2010,20.0
Person,961388.487,2010,22.5
Person,967354.7668,2010,25.0
Pitt,5143595.609,2007,5
Pitt,5163086.349,2007,7.5
Pitt,5183111.158,2007,10.0
Pitt,5203700.109,2007,12.5
Pitt,5224885.932,2007,15.0
Pitt,5246704.256,2007,17.5
Pitt,5269194.02,2007,20.0
Pitt,5292397.864,2007,22.5
Pitt,5316362.62,2007,25.0
Pitt,9019334.894,2008,5
Pitt,9039428.673,2008,7.5
Pitt,9060073.029,2008,10.0
Pitt,9081298.998,2008,12.5
Pitt,9103140.29,2008,15.0
Pitt,9125633.667,2008,17.5
Pitt,9148819.251,2008,20.0
Pitt,9172740.999,2008,22.5
Pitt,9197447.218,2008,25.0
Pitt,5499621.577,2009,5
Pitt,5519615.318,2009,7.5
Pitt,5540156.911,2009,10.0
Pitt,5561277.206,2009,12.5
Pitt,5583009.775,2009,15.0
Pitt,5605391.168,2009,17.5
Pitt,5628461.33,2009,20.0
Pitt,5652263.999,2009,22.5
Pitt,5676847.218,2009,25.0
Pitt,4460269.04,2010,5
Pitt,4480709.444,2010,7.5
Pitt,4501709.93,2010,10.0
Pitt,4523302.047,2010,12.5
Pitt,4545520.116,2010,15.0
Pitt,4568401.504,2010,17.5
Pitt,4591987.047,2010,20.0
Pitt,4616321.461,2010,22.5
Pitt,4641453.863,2010,25.0
Richmond,1900207.337,2007,5
Richmond,1905928.7,2007,7.5
Richmond,1911806.831,2007,10.0
Richmond,1917850.565,2007,12.5
Richmond,1924069.505,2007,15.0
Richmond,1930474.111,2007,17.5
Richmond,1937075.812,2007,20.0
Richmond,1943887.127,2007,22.5
Richmond,1950921.802,2007,25.0
Richmond,2931322.483,2008,5
Richmond,2936788.705,2008,7.5
Richmond,2942404.704,2008,10.0
Richmond,2948178.922,2008,12.5
Richmond,2954120.531,2008,15.0
Richmond,2960239.527,2008,17.5
Richmond,2966546.83,2008,20.0
Richmond,2973054.397,2008,22.5
Richmond,2979775.365,2008,25.0
Richmond,2080829.25,2009,5
Richmond,2086609.491,2009,7.5
Richmond,2092548.115,2009,10.0
Richmond,2098654.045,2009,12.5
Richmond,2104936.984,2009,15.0
Richmond,2111407.5,2009,17.5
Richmond,2118077.14,2009,20.0
Richmond,2124958.55,2009,22.5
Richmond,2132065.619,2009,25.0
Richmond,1673293.016,2010,5
Richmond,1678757.338,2010,7.5
Richmond,1684371.386,2010,10.0
Richmond,1690143.597,2010,12.5
Richmond,1696083.142,2010,15.0
Richmond,1702200.012,2010,17.5
Richmond,1708505.123,2010,20.0
Richmond,1715010.429,2010,22.5
Richmond,1721729.062,2010,25.0
Sampson,2572609.543,2007,5
Sampson,2579708.855,2007,7.5
Sampson,2587002.696,2007,10.0
Sampson,2594502.02,2007,12.5
Sampson,2602218.75,2007,15.0
Sampson,2610165.861,2007,17.5
Sampson,2618357.538,2007,20.0
Sampson,2626809.312,2007,22.5
Sampson,2635538.24,2007,25.0
Sampson,3795564.144,2008,5
Sampson,3802816.037,2008,7.5
Sampson,3810266.634,2008,10.0
Sampson,3817927.137,2008,12.5
Sampson,3825809.711,2008,15.0
Sampson,3833927.624,2008,17.5
Sampson,3842295.356,2008,20.0
Sampson,3850928.775,2008,22.5
Sampson,3859845.305,2008,25.0
Sampson,2402428.074,2009,5
Sampson,2409589.749,2009,7.5
Sampson,2416947.66,2009,10.0
Sampson,2424512.859,2009,12.5
Sampson,2432297.373,2009,15.0
Sampson,2440314.292,2009,17.5
Sampson,2448577.925,2009,20.0
Sampson,2457103.94,2009,22.5
Sampson,2465909.543,2009,25.0
Sampson,1967191.446,2010,5
Sampson,1974651.314,2010,7.5
Sampson,1982315.584,2010,10.0
Sampson,1990195.78,2010,12.5
Sampson,1998304.416,2010,15.0
Sampson,2006655.14,2010,17.5
Sampson,2015262.848,2010,20.0
Sampson,2024143.859,2010,22.5
Sampson,2033316.106,2010,25.0
Scotland,1480955.143,2007,5
Scotland,1485060.19,2007,7.5
Scotland,1489277.719,2007,10.0
Scotland,1493614.066,2007,12.5
Scotland,1498076.122,2007,15.0
Scotland,1502671.394,2007,17.5
Scotland,1507408.08,2007,20.0
Scotland,1512295.162,2007,22.5
Scotland,1517342.505,2007,25.0
Scotland,2237070.878,2008,5
Scotland,2241308.244,2008,7.5
Scotland,2245661.717,2008,10.0
Scotland,2250137.839,2008,12.5
Scotland,2254743.721,2008,15.0
Scotland,2259487.113,2008,17.5
Scotland,2264376.478,2008,20.0
Scotland,2269421.086,2008,22.5
Scotland,2274631.121,2008,25.0
Scotland,1492855.461,2009,5
Scotland,1497044.395,2009,7.5
Scotland,1501348.108,2009,10.0
Scotland,1505773.069,2009,12.5
Scotland,1510326.307,2009,15.0
Scotland,1515015.482,2009,17.5
Scotland,1519848.962,2009,20.0
Scotland,1524835.912,2009,22.5
Scotland,1529986.396,2009,25.0
Scotland,1283357.863,2010,5
Scotland,1287550.279,2010,7.5
Scotland,1291857.569,2010,10.0
Scotland,1296286.208,2010,12.5
Scotland,1300843.231,2010,15.0
Scotland,1305536.304,2010,17.5
Scotland,1310373.802,2010,20.0
Scotland,1315364.897,2010,22.5
Scotland,1320519.663,2010,25.0
Vance,1611924.634,2007,5
Vance,1617127.8,2007,7.5
Vance,1622473.537,2007,10.0
Vance,1627969.878,2007,12.5
Vance,1633625.555,2007,15.0
Vance,1639450.082,2007,17.5
Vance,1645453.854,2007,20.0
Vance,1651648.254,2007,22.5
Vance,1658045.784,2007,25.0
Vance,2485388.062,2008,5
Vance,2490306.332,2008,7.5
Vance,2495359.366,2008,10.0
Vance,2500554.757,2008,12.5
Vance,2505900.76,2008,15.0
Vance,2511406.369,2008,17.5
Vance,2517081.407,2008,20.0
Vance,2522936.635,2008,22.5
Vance,2528983.871,2008,25.0
Vance,1722570.019,2009,5
Vance,1727668.724,2009,7.5
Vance,1732907.136,2009,10.0
Vance,1738293.128,2009,12.5
Vance,1743835.258,2009,15.0
Vance,1749542.849,2009,17.5
Vance,1755426.085,2009,20.0
Vance,1761496.122,2009,22.5
Vance,1767765.211,2009,25.0
Vance,1511384.736,2010,5
Vance,1516561.312,2010,7.5
Vance,1521879.73,2010,10.0
Vance,1527347.982,2010,12.5
Vance,1532974.756,2010,15.0
Vance,1538769.518,2010,17.5
Vance,1544742.608,2010,20.0
Vance,1550905.351,2010,22.5
Vance,1557270.188,2010,25.0
Wake,15648548.25,2007,5
Wake,15743383.15,2007,7.5
Wake,15840816.57,2007,10.0
Wake,15940994.97,2007,12.5
Wake,16044077.49,2007,15.0
Wake,16150237.53,2007,17.5
Wake,16259664.56,2007,20.0
Wake,16372566.04,2007,22.5
Wake,16489169.85,2007,25.0
Wake,35232936.56,2008,5
Wake,35331419.69,2008,7.5
Wake,35432601.36,2008,10.0
Wake,35536633.55,2008,12.5
Wake,35643681.62,2008,15.0
Wake,35753925.6,2008,17.5
Wake,35867562.25,2008,20.0
Wake,35984807.01,2008,22.5
Wake,36105896.51,2008,25.0
Wake,17271651.03,2009,5
Wake,17369870.82,2009,7.5
Wake,17470781.91,2009,10.0
Wake,17574535.89,2009,12.5
Wake,17681297.68,2009,15.0
Wake,17791246.84,2009,17.5
Wake,17904579.59,2009,20.0
Wake,18021510.8,2009,22.5
Wake,18142276.48,2009,25.0
Wake,10218139.78,2010,5
Wake,10323798.86,2010,7.5
Wake,10432353.05,2010,10.0
Wake,10543965.52,2010,12.5
Wake,10658813.59,2010,15.0
Wake,10777090.43,2010,17.5
Wake,10899007.15,2010,20.0
Wake,11024794.88,2010,22.5
Wake,11154707.51,2010,25.0
Warren,846681.4014,2007,5
Warren,849044.7794,2007,7.5
Warren,851472.9154,2007,10.0
Warren,853969.4586,2007,12.5
Warren,856538.3752,2007,15.0
Warren,859183.9872,2007,17.5
Warren,861911.0153,2007,20.0
Warren,864724.63,2007,22.5
Warren,867630.5106,2007,25.0
Warren,1230943.172,2008,5
Warren,1233325.543,2008,7.5
Warren,1235773.193,2008,10.0
Warren,1238289.799,2008,12.5
Warren,1240879.361,2008,15.0
Warren,1243546.234,2008,17.5
Warren,1246295.178,2008,20.0
Warren,1249131.404,2008,22.5
Warren,1252060.638,2008,25.0
Warren,835875.964,2009,5
Warren,838279.8606,2009,7.5
Warren,840749.6255,2009,10.0
Warren,843288.9703,2009,12.5
Warren,845901.9295,2009,15.0
Warren,848592.8989,2009,17.5
Warren,851366.6802,2009,20.0
Warren,854228.5326,2009,22.5
Warren,857184.2328,2009,25.0
Warren,731143.315,2010,5
Warren,733584.8812,2010,7.5
Warren,736093.3481,2010,10.0
Warren,738672.4851,2010,12.5
Warren,741326.39,2010,15.0
Warren,744059.5277,2010,17.5
Warren,746876.7748,2010,20.0
Warren,749783.4733,2010,22.5
Warren,752785.49,2010,25.0
Wayne,3637390.557,2007,5
Wayne,3651355.566,2007,7.5
Wayne,3665703.231,2007,10.0
Wayne,3680455.107,2007,12.5
Wayne,3695634.628,2007,15.0
Wayne,3711267.342,2007,17.5
Wayne,3727381.13,2007,20.0
Wayne,3744006.556,2007,22.5
Wayne,3761177.178,2007,25.0
Wayne,6363077.552,2008,5
Wayne,6377163.488,2008,7.5
Wayne,6391635.385,2008,10.0
Wayne,6406514.997,2008,12.5
Wayne,6421825.962,2008,15.0
Wayne,6437594.035,2008,17.5
Wayne,6453847.357,2008,20.0
Wayne,6470616.743,2008,22.5
Wayne,6487936.039,2008,25.0
Wayne,3686451.603,2009,5
Wayne,3700649.283,2009,7.5
Wayne,3715235.984,2009,10.0
Wayne,3730233.636,2009,12.5
Wayne,3745666.062,2009,15.0
Wayne,3761559.222,2009,17.5
Wayne,3777941.48,2009,20.0
Wayne,3794843.897,2009,22.5
Wayne,3812300.586,2009,25.0
Wayne,2830771.767,2010,5
Wayne,2845627.875,2010,7.5
Wayne,2860891.046,2010,10.0
Wayne,2876584.225,2010,12.5
Wayne,2892732.342,2010,15.0
Wayne,2909362.559,2010,17.5
Wayne,2926504.558,2010,20.0
Wayne,2944190.837,2010,22.5
Wayne,2962457.094,2010,25.0
Wilson,3430995.713,2007,5
Wilson,3440361.221,2007,7.5
Wilson,3449983.354,2007,10.0
Wilson,3459876.564,2007,12.5
Wilson,3470056.577,2007,15.0
Wilson,3480540.514,2007,17.5
Wilson,3491347.084,2007,20.0
Wilson,3502496.777,2007,22.5
Wilson,3514012.097,2007,25.0
Wilson,4001122.989,2008,5
Wilson,4010806.002,2008,7.5
Wilson,4020754.333,2008,10.0
Wilson,4030982.938,2008,12.5
Wilson,4041508.065,2008,15.0
Wilson,4052347.419,2008,17.5
Wilson,4063520.345,2008,20.0
Wilson,4075048.026,2008,22.5
Wilson,4086953.729,2008,25.0
Wilson,2409669.746,2009,5
Wilson,2419292.614,2009,7.5
Wilson,2429179.153,2009,10.0
Wilson,2439344.224,2009,12.5
Wilson,2449803.976,2009,15.0
Wilson,2460576.002,2009,17.5
Wilson,2471679.529,2009,20.0
Wilson,2483135.607,2009,22.5
Wilson,2494967.359,2009,25.0
Wilson,2083226.001,2010,5
Wilson,2093446.832,2010,7.5
Wilson,2103947.726,2010,10.0
Wilson,2114744.453,2010,12.5
Wilson,2125854.176,2010,15.0
Wilson,2137295.578,2010,17.5
Wilson,2149089.08,2010,20.0
Wilson,2161257.041,2010,22.5
Wilson,2173824.021,2010,25.0
